{"cameraMode":{"drawMode":0,"name":"Shaded","section":"Shading Mode"},"sceneLighting":false,"audioPlay":false,"sceneViewState":{"showFog":true,"showMaterialUpdate":false,"showSkybox":false,"showFlares":true,"showImageEffects":true,"showParticleSystems":true},"in2DMode":false,"pivot":{"x":9.5367431640625e-7,"y":0.0,"z":1.4901161193847657e-8},"rotation":{"x":-0.004024360328912735,"y":0.9420187473297119,"z":-0.3353479504585266,"w":-0.011304758489131928},"size":0.6730265617370606,"orthographic":false}